ఆనందమకరందము,"hello"
మందారము,"hello"
దారము,"hello"
రమ్యకృష్ణ,"hello"
శివరామకృష్ణ,"hello"
ఆనందము,"hello"
సిరివెన్నెల,"hello"
రిక్తహస్తం,"hello"
కమలము,"hello"
సమాధానం,"hello"
సంకురాత్రి,"hello"
త్రిలింగము,"hello"
ముజ్జగము,"hello"
ముదురాకు,"hello"
కుమరింత,"hello"
తలంటారం,"hello"
రంగజము,"hello"
ముత్తైదువ,"hello"
వల్లకాడు,"hello"
డుమ్మాకొట్టు,"hello"
విఘ్నరాజు,"hello"
జున్నుపాలు,"hello"
లులాయము,"hello"
ముఖశాల,"hello"
లతాంతము,"hello"
ముఖచీరి,"hello"
రిక్కదారి,"hello"
రిమ్మగొను,"hello"
నున్నగాలి,"hello"
లిపికుడు,"hello"
తాళ్ళపాక,"hello"
కమలాంబ,"hello"
బదనిక,"hello"
కనీయసి,"hello"
సినీవాలి,"hello"
లిపిశాల,"hello"
లస్తకము,"hello"
ముచుకుందా,"hello"
దారుపుత్రి,"hello"
త్రిహాయణి,"hello"
అంగుష్ఠము,"hello"
ముకుళము,"hello"
ముక్కుపోగు,"hello"
గురజాడ,"hello"
డగ్గుత్తిక,"hello"
కరుణశ్రీ,"hello"
శ్రీరాగము,"hello"
మునిమాపు,"hello"
పురోగతి,"hello"
తితిక్షువు,"hello"
బూదరాజు,"hello"
జువ్వరించు,"hello"
చుట్టలుగు,"hello"
గుసగుస,"hello"
సన్నిపొల,"hello"
లయపుత్రి,"hello"
త్రిదకారి,"hello"
రిక్థహారి,"hello"
రిక్కతీయు,"hello"
యుయుత్సువు,"hello"
పానుగంటి,"hello"
టిప్పణము,"hello"
ముకుళించు,"hello"
చుచుందరి,"hello"
రికిరించు,"hello"
చుక్కకూర,"hello"
రఘుపతి,"hello"
తిప్పతీగ,"hello"
గజిబిజి,"hello"
జిఘృక్షువు,"hello"
హంసపాదు,"hello"
దుగలము,"hello"
ముస్తాజరు,"hello"
రుక్మవతి,"hello"
తిరువడి,"hello"
డిప్పకాయ,"hello"
యమళిక,"hello"
కకపాల,"hello"
లబలబ,"hello"
బయ్యంకలు,"hello"
లల్లాదేవి,"hello"
వికవిక,"hello"
కడచీల,"hello"
లలాటిక,"hello"
కనుకూలి,"hello"
లిప్తకము,"hello"
ముళ్ళయతి,"hello"
తియ్యమ్రాను,"hello"
నుడువరి,"hello"
రిరక్షువు,"hello"
ఆషాఢము,"hello"
ముఖాముఖి,"hello"
ఖిన్నత్వము,"hello"
మువ్వీసము,"hello"
మువ్వదోనె,"hello"
నెలవంక,"hello"
కరవాక,"hello"
కలధ్వని,"hello"
నిరాకృతి,"hello"
తిరుమణి,"hello"
శిబిరము,"hello"
ముహుర్తము,"hello"
మునియేడు,"hello"
డుబాయించు,"hello"
చుప్పనాతి,"hello"
తిరుకాపు,"hello"
పులిగంజి,"hello"
జిరాయితి,"hello"
తిమితము,"hello"
ముత్యాలమ్మ,"hello"
త్యాగరాజు,"hello"
జురుకులు,"hello"
లుకలుక,"hello"
కలాపన,"hello"
నదీపతి,"hello"
తిగవంచ,"hello"
చత్వరము,"hello"
ముకురము,"hello"
ముక్తాయింపు,"hello"
పునరుక్తి,"hello"
ప్రక్వాణము,"hello"
ముదముద,"hello"
దచ్చవుక,"hello"
కడుముంత,"hello"
తవ్వుగోల,"hello"
లక్షణ్యము,"hello"
ముసనాబు,"hello"
బుఱ్ఱజింక,"hello"
కసుగాయ,"hello"
యమళులు,"hello"
వానరము,"hello"
ముచ్చివుక,"hello"
కటంభర,"hello"
రసితము,"hello"
ముఖప్రీతి,"hello"
తిరీటిక,"hello"
కళాచిక,"hello"
కలభము,"hello"
మునుమార,"hello"
రసజ్ఞుడు,"hello"
రాయప్రోలు,"hello"
లుఠనము,"hello"
మునసబు,"hello"
బుయ్యారము,"hello"
మునమున,"hello"
నవగోజ,"hello"
జనశ్రుతి,"hello"
తిరునీరు,"hello"
రుచకము,"hello"
ముక్తావళి,"hello"
రాజధాని,"hello"
నిపఠము,"hello"
మురదము,"hello"
ముఖస్తుతి,"hello"
తిష్యఫల,"hello"
లవణిమ,"hello"
మరకతం,"hello"
తండసము,"hello"
ముప్పుమూడు,"hello"
డుబుడక్క,"hello"
మాణిక్యము,"hello"
మున్నరక,"hello"
కటాక్షము,"hello"
మురిపము,"hello"
ముసాయిదా,"hello"
దారదము,"hello"
ములుసూపు,"hello"
పురారాతి,"hello"
తికమక,"hello"
కట్టుగొమ్మ,"hello"
చతుర్దశి,"hello"
శిఖరము,"hello"
ముష్టిచెంబు,"hello"
బుసబుస,"hello"
సదాతోయ,"hello"
యథార్థత,"hello"
తలిరాకు,"hello"
కుహరము,"hello"
ముఖస్రము,"hello"
ముముక్షువు,"hello"
కట్టమంచి,"hello"
చిట్టుడుకు,"hello"
కులత్థిక,"hello"
కలనేత,"hello"
తడపేరు,"hello"
రుదితము,"hello"
ముడేకము,"hello"
మునికొంగు,"hello"
గుడ్లగూబ,"hello"
బకవేషి,"hello"
ఇందుకాంత,"hello"
తలపాగ,"hello"
గజయాన,"hello"
నవరసు,"hello"
సుడిగాలి,"hello"
లిబ్బిదొర,"hello"
రసవతి,"hello"
తిష్యకము,"hello"
ముక్తాలత,"hello"
తమ్మిచూలి,"hello"
ఋతుపతి,"hello"
తిరుగలి,"hello"
లిఖియించు,"hello"
చురిమ్రాను,"hello"
నులివంక,"hello"
కలహాశి,"hello"
శిలాత్మిక,"hello"
కనీనిక,"hello"
కనిష్ఠిక,"hello"
కక్ష్యకము,"hello"
అన్నెముపున్నెము,"hello"
ఆదరాబాదరా,"hello"
ఉలుకుపలుకు,"hello"
చిందరవందర,"hello"
సిరిసంపదలు,"hello"
అడపాదడప,"hello"
అడుగుజాడలు,"hello"
ఎగుడుదిగుడు,"hello"
చేదోడువాదోడు,"hello"
సుఖదు:ఖములు,"hello"
ఉగాదిపచ్చడి,"hello"
కవిసమ్మేళనం,"hello"
పంచాంగశ్రవణం,"hello"
మామిడిపిందెలు,"hello"
వసంతఋతువు,"hello"
జీలకర్రబెల్లం,"hello"
పసుపుకుంకుమ,"hello"
పాణిగ్రహణము,"hello"
పెండ్లికుమారుడు,"hello"
మంగళసూత్రము,"hello"
అరటిఆకులు,"hello"
తమలపాకులు,"hello"
పెండ్లిఊరేగింపు,"hello"
పెండ్లికానుకలు,"hello"
బంతిభోజనము,"hello"
అశోకచక్రము,"hello"
గణతంత్రదినం,"hello"
పింగళివెంకయ్య,"hello"
మువ్వన్నెలజండా,"hello"
స్వాతంత్ర్యదినము,"hello"
ఆంధ్రపౌరుషము,"hello"
చెలియలికట్ట,"hello"
తల్లిలేనిపిల్ల,"hello"
వేయిపడగలు,"hello"
సముద్రపుదిబ్బ,"hello"
కార్తీకపౌర్ణమి,"hello"
నాగులచవితి,"hello"
వరలక్ష్మీవ్రతం,"hello"
వసంతపంచమి,"hello"
శ్రీరామనవమి,"hello"
అడవిరాముడు,"hello"
కొండవీటిసింహం,"hello"
దేశోద్ధారకుడు,"hello"
పాతాళభైరవి,"hello"
రాముడుభీముడు,"hello"
అక్షరాభ్యాసము,"hello"
అన్నప్రాశనము,"hello"
గృహప్రవేశము,"hello"
నామకరణము,"hello"
పుట్టివెంట్రుకలు,"hello"
అందచందములు,"hello"
అరులుమరులు,"hello"
ఆశనిరాశలు,"hello"
చీటికిమాటికి,"hello"
సుందోపసుందులు,"hello"
అక్షయతృతీయ,"hello"
జంధ్యాలపౌర్ణమి,"hello"
మహాశివరాత్రి,"hello"
శ్రీకృష్ణజయంతి,"hello"
హనుమజ్జయంతి,"hello"
ఉపవాసదీక్ష,"hello"
ఖర్జూరపుపండు,"hello"
దానధర్మములు,"hello"
నిష్టనియమాలు,"hello"
నూతనవస్త్రాలు,"hello"
ఆశ్వీయుజమాసం,"hello"
జమ్మిఆకుపూజ,"hello"
దసరావేషాలు,"hello"
బొమ్మలకొలువు,"hello"
మహిషాసురుడు,"hello"
కంసహింసకుడు,"hello"
మధురనాధుడు,"hello"
మురళీధరుడు,"hello"
రాధారమణుడు,"hello"
శ్యామసుందరుడు,"hello"
ఆకలిదప్పులు,"hello"
ఉక్కిరిబిక్కిరి,"hello"
ఎగుడుదిగుడు,"hello"
జయాపజయాలు,"hello"
తత్తరబిత్తర,"hello"
అన్నపూర్ణదేవి,"hello"
అలమేలుమంగ,"hello"
త్రిపురసుందరి,"hello"
మధురమీనాక్షి,"hello"